Prefix,CourseNumber,Title,Credits
ART,111,DRAWING I,3
ART,112,DRAWING II,3
ART,115,2D DESIGN,3
ART,116,3D DESIGN,3
ART,241,DIGITAL IMAGING,3
ART,242,DIGITAL ILLUST,3
ART,251W,ARCHITECTURAL HIST,3
ASL,282,ASL FIELD PRACT II,4
EMB,140,ELECTRON MEDIA HIST,3
EMB,277,EMB PORTFOLIO,2
ENG,104W,APPLIED SPELL TECH,2
ENG,111,COLLEGE COMP I,3
ENG,111C,Col Comp Rdg Wrt St,3
ART,217,PAINTING I,3
ART,151W,ART HIST & APPR I,3
ART,105,ART EXPERIENCE,3
ENG,112,COLLEGE COMP II,3
ENG,112A,WRTNG METH CMP II,3
ENG,112H,HNRS COLL COMP II,3
ENG,113,TECHNICAL COMM,3
ENG,115,SURVEY MASS MEDIA,3
ENG,120,INTRO CREATIVE WRTG,3
ENG,201HW,HONORS COLLOQUY,3
ENG,211,ADVANCED COMP,3
ENG,211H,ADVANCED COMP,3
ENG,214,INTRO PROF WRITING,3
ENG,217,ADVANCED REPORTING,3
ENG,219W,LITERARY ANALYSIS,3
ENG,220W,READINGS IN POETRY,3
ENG,221W,READINGS-SHRT STORY,3
ENG,222W,READNGS INTHE NOVEL,3
ENG,226W,INTRO TO FILM,3
ENG,229W,WORLD LIT 1600-PRES,3
ENG,241W,INTRO TO MYTHOLOGY,3
ENG,251W,CHILDRENS LITERATURE,4
ENG,254,CREATIV WRIT FICTN,3
ENG,257,ADV CREAT WRITING,3
ENG,259W,ADV SCREENWRITING,3
ENG,262W,LIT OF HOLOCAUST,3
ENG,285W,WOMEN IN LITERATURE,3
FR,111,FRENCH ONE,4
FR,112,FRENCH TWO,4
GE,112,GERMAN TWO,4
IHU,101,HUMANITIES THRU ART,3
IHU,201HW,HONORS COLLOQUY,3
IHU,210,DEATH AND DYING,3
IHU,226W,INTRO FILM,3
IHU,240W,LEAD POSITIVE CHANGE,4
IHU,280W,EXPLOR DIVERSITY,3
JRN,101,SURVEY MASS MEDIA,3
JRN,104,ADVANCED REPORTING,3
JRN,220,PHOTOJOURNALISM,3
JRN,222,MEDIA INNOV LAB,3
MUS,100,MUSIC ELEMENTS I,3
MUS,111,MUS APPRECIATION I,3
MUS,118,JAZZ HISTORY,3
MUS,119W,HIST OF ROCK & ROLL,3
MUS,120W,WORLD MUSIC: SURVEY,3
MUS,131,PIANO I,2
MUS,132,PIANO II,2
MUS,135,FUNDAMENT OF GUITAR,2
MUS,146,CHORALE I,2
MUS,147,CHORALE II,2
MUS,148,CHORALE III,2
MUS,149,CHORALE IV,2
MUS,190,CHAMBER CHOIR I,2
MUS,191,CHAMBER CHOIR II,2
MUS,192,CHAMBER CHOIR III,2
MUS,193,CHAMBER CHOIR IV,2
MUS,194,JAZZ SINGERS I,2
MUS,195,JAZZ SINGERS II,2
MUS,196,JAZZ SINGERS III,2
MUS,197,JAZZ SINGERS IV,2
PHL,203W,BUSINESS ETHICS,3
PHL,205W,MEDIA ETHICS & LAW,3
PHL,207W,ENGINEERING ETHICS,1
PHL,210W,INFO/TECH ETHIC/LAW,2
PHL,211W,INTRO TO PHILOSOPHY,3
PHL,213W,INTRO TO ETHICS,3
PHL,215W,HEALTH CARE ETHICS,3
PHL,221,LOGIC,4
SPA,111,SPANISH ONE,4
SPA,112,SPANISH TWO,4
ACC,110,INTRO TO QUICKBOOKS,1
ACC,121,ACCT FOR MANAGERS,3
ACC,211,PRIN FIN ACCT,4
ACC,212,PRIN MANG ACCT,4
ACC,214,COMPUTERIZED ACCTNG,3
ACC,219,DATA SKILLS,3
ACC,220,DATA ANALYTICS,3
ACC,221,ADV DATA ANALYSIS,3
ACC,222,RESRCH AND WRITING,2
ACC,227W,INT ACC I,4
ACC,228W,INT ACC II,4
ACC,229,PRAC INTERMED ACC,2
ACC,230, PAY & OPERATE BUS TAX,2
ACC,233,MANAGERIAL COST ACC,3
ACC,235,FINANCIAL MANAGEMET,3
ACC,285,PROF ACCT CAREERS,2
ACC,286,PRF ACC CAREER PREP,1
ACC,287,PRF ACC CAREER PROJ,2
ARC,101,MTLS/METHOD OF CONST,3
ARC,106,ARCH DRAFTING II,4
ARC,111,MECH&ELECT SYST BLDG,3
ARC,204,ESTIMATING BLDG CONS,3
ASEP,102,ASEP TRANS LEVEL I,3
ASEP,202W,AUTO TRANS LEVL III,3
ASEP,219,BASIC SERV ADVSNG,2
AUTO,103,DRIVETRN AXL LVL I,2
AUTO,106,ELEC ELTRONC SYS I,4
AUTO,107,HEAT AIR LEVEL 1,2
AUTO,108,ENG PERF LEVEL 1,3
AUTO,249,AUTO CAPSTONE,1
CAD,214,CAD TECHNIQUES,2
CNC,162,CNC THEORY,4
CNC,216,CNC MACHINING APP,4
CNC,225,MASTERCAM,4
CNC,260,CNC MULTI AXIS,4
CPI,240W,PROC TROUBLESHOOTING,3
CPI,250W,ADV CHEM OPERATIONS,4
CPI,260W,PROC OPER MGMT,4
CPI,270,ADV PROCS OP LAB,2
CST,100,TECH FOUNDATIONS,3
CST,105,OUTLOOK,1
CST,115W,E-COMMERCE CONCEPTS,3
CST,126,UNIX/LINUX OS,3
CST,128,COMPUTER HARDWARE,4
CST,129,MAC OS TRBLESHT,2
CST,133W,CMPUTR COMPETENCIES,4
CST,134,MS OFFICE/BUS SYS,3
CST,145,MICROSOFT WORD,3
CST,147,ELECTRONIC MEDIA,3
CST,150W,IS POLICIES,3
CST,151,SPREADSHEET FUNDMNT,2
CST,152,CYBEROPS,3
CST,153,FIREWALLS,3
CST,155,MICROSOFT EXCEL,3
CST,159,DB OPERATIONS,3
CST,160,NETWORKING ESSENTIAL,3
CST,161,CISCO INTRO NETWRK,3
CST,163,WIN NETWORK ADM,3
CST,164,SWIT ROUT WIRELESS,3
CST,165,LINUX NETWORKING I,3
CST,173,PROGRAMMING INTRO,3
CST,180,C++ PROGRAMMING,3
CST,183,COMPUTER PROGRAM I,4
CST,185,MOBILE APP DEV,3
CST,186,GAME DEV I,3
CST,210,WEBSITE DEVELOPMENT,3
CST,214,RESPONSIVE DESIGN,3
CST,218,WEB APPLICATION DEV,3
CST,235W,SYSTM ANAL & DESIGN,3
CST,257,DATABASE MS ACCESS,3
CST,262,DATA CNTR VIRTUAL 2,3
CST,263,ADV MS NETWORKING,3
CST,266,INFO SECURITY,4
CST,268W,IT SUPPORT TOPICS,2
CST,271,OO DATA DRIVEN PROG,3
CST,278,A+ CERT PREP,3
CST,283,COMPUTER PROGRAM II,4
CST,284W,BIT CAPSTONE,2
CST,285,NETWORK INTRUSION,3
DRF,121,BLUEPRINT READING,3
EGR,100,CAREERS-ENGINEERING,1
EGR,101,EGR DESIGN/ANALYS,1
EGR,165,INTRO ENGIN GRAPHICS,4
EMS,110,BASIC EM MED TECH I,4
EMS,111,BASIC EM MED TECH II,4
EMS,112,BAS EM MED TECH III,2
EMS,113,BASIC EM TECH FIELD,2
ENT,131W,ENTREPRENER 1,3
ENT,231W,ENTREPRENR 2,3
ENT,241,NEW VENTURE PROJECT,3
ET,100,ELECTRICAL CALC ET,2
ET,110,DC CIRCUITS,2
ET,120,AC CIRCUITS,2
ET,122,PROG LOGIC CONTROL,5
ET,130,CONVENTL CNTRLS,3
ET,134,TRANSFORMERS,2
ET,136,GROUNDING,2
ET,140,MOTOR CTRLS DRVS,4
ET,210,INTRO TO ELECTRNCS,4
ET,280,IND TROUBLESHOOT,3
FST,112,FIRE FIGHTER I,6
FST,211,FIRE FIGHTER II,6
HDD,151,HDD ENGINES LVL II,4
HDD,156,HDD ELEC/ELECTRNC II,4
HDD,203W,HDD DRIVETRAINS,4
HDD,204,HDD BRAKES,4
HDD,207,HDD HVAC,4
HDD,209W,HDD HYDRAULICS,3
HDD,210,HDD CAPSTONE ASE TST,1
HVAC,121,FUND REFRG & A/C,3
HVAC,122,REFRG & A/C SERV I,3
HVAC,123,COMM REF FLOW CON I,3
HVAC,126,REF PIPING PRACTICE,3
HVAC,140,APPL ELECT I,3
HVAC,142,SHEETMETAL LAYOUT I,3
HVAC,150,REFRIGERANT CERT,1
HVAC,210W,COMMERCIAL A/C,3
HVAC,225,COMMERCIAL REFG II,3
HVAC,230,DESIGN HVAC SYSTEM,3
LSP,120,LEGAL RESEARCH,2
LSP,150,REAL ESTATE LAW,2
LSP,230,CIVIL LIT,3
LSP,235,CRIMINAL LAW & PROC,3
LSP,260,LEGAL INTERN I,1
LSP,280W,LEGAL WRITING,2
MGT,110,BUSINESS MATH,3
MGT,143,PRIN OF ADVERTISING,3
MGT,145,PRINCIPLES OF SALES,3
MGT,153W,INTRO TO BUSINESS,3
MGT,243,PRIN OF MARKETING,3
MGT,245,PRIN OF MANAGEMENT,3
MGT,247,PRINC OF RETAILING,3
MGT,251W,BUSINESS LAW I,3
MGT,252,BUSINESS LAW II,3
MGT,254,APPLIED MARKETING,3
MGT,256,HUM RESOURCE MGT I,3
MGT,257W,HUM RESOURC MGT II,3
MGT,265,INTERNATIONAL BUS,3
MGT,275,MANAGEMENT SEMINAR,3
MIT,111W,MANUFACTURE PROCESS,3
MS,113,MACHINING PROCESSES,2
MS,181W,MACHINE TOOLS I,4
MS,182,MACHINE TOOLS II,4
MT,161,INDST RIGGING/SAFETY,2
MT,220,HYDRAULC/PNEUMATC I,3
MT,250,STAT & STRNGTH MTLS,4
OAT,105W,TIME MGMT,1
OAT,116,INTR MEDICAL OFFICE,2
OAT,151,BUSINESS COMMCTN I,3
OAT,152,BUSINESS COMMCTN II,3
OAT,153,POLICE REPORT WRIT,1
OAT,155W,EDITING,2
OAT,159,ELECT MEDICAL REC,2
OAT,160,RECORDS MANAGEMENT,3
OAT,170,KEYBOARDING,2
OAT,171,DOC PROCESSING:BEG,3
OAT,172,DOC PROCESSING:INT,3
OAT,175,ELEC CALCULATION,2
OAT,243,DIAGNOSTIC CODING,3
OAT,244,PROCEDURE CODING,3
OAT,254,MED INSURANCE I,3
OAT,255,MED INSURANCE II,3
OAT,266,MEDICAL OFFICE PRAC,4
OAT,268,ADMN OFFICE PRACTICE,3
OAT,273,DOC PROCESSING:ADV,3
RC,101,CONSTRCTN PRNT INTR,3
RC,114,FRAMING SQUARE,4
RC,200W,CONTRACTING RUL/REG,3
RC,203,RESIDENTIAL CAD,3
RC,204,FINISH & HARDWARE,4
RC,205,CABINET MAKING,4
SKCN,162,CNC THEORY,4
SKCN,216,CNC MACHINING APP,4
SKCN,225,MASTERCAM,4
SKCN,260,SKCN MULTI AXIS,4
SKDR,101,BLUEPRINT READING,3
SKDR,133,FUND TOOL DESIGN,4
SKEL,103,OSHA & MI ELEC LAWS,2
SKET,100,ELECTRICAL CALC,2
SKET,106,APPL ELECT I,3
SKET,110,DC CIRCUITS SK,2
SKET,120,AC CIRCUITS SK,2
SKET,122,PRG LOGIC CNTRLS,5
SKET,130,CONVENTL CNTRLS,3
SKET,132,POWR DISTRIBUTION,3
SKET,134,TRANSFORMERS,2
SKET,136,GROUNDING,2
SKET,138,OVER CURNT PROTECTN,2
SKET,139,MOTORS,2
SKET,140,MOTOR CTRLS DRVS,4
SKET,141,IND ELEC CODE & STD,3
SKET,160,ALRMS SECTY SYSTMS,2
SKET,178,RES WIRNG CNTRLS,5
SKET,210,INTRO ELECTRONICS,4
SKET,219W,TRBLSHT INSTRMT SYS,3
SKET,280,IND TROUBLESHOOT,3
SKMA,103,APPLIED GEOM & TRIG,4
SKMT,111,METALS,3
SKMT,161,IND RIGGING/SAFETY,2
SKMT,171,SHEET METAL I,3
SKMT,220,HYDRAULC/PNEUMATC I,3
SKPH,102,APPLYD PHY SKTRADES,4
SKPT,121,FUND REFRG & A/C,3
SKPT,122,REFRG & A/C SERV I,3
SKPT,123,COMM REF FLOW CON I,3
SKPT,225,COMMERCIAL REFG II,3
SKTR,113,MACHINING PROCESSES,2
SKTR,181W,MACHINE TOOLS I,4
SKTR,182,MACHINE TOOLS II,4
SKWL,103,INTRO TO CUTTING,3
WELD,101,EXPLORE CUTTING,1
WELD,102,EXP SHIELD ARC WLD,1
WELD,103,INTRO TO CUTTING,3
WELD,106,EXP GAS TUN ARC WLD,1
WELD,108,EXP GAS MET ARC WLD,1
WELD,224W,ADV SMA WELD,8
WELD,226W,GAS TUNGSTN ARC WLD,8
WELD,235W,GAS MTL ARC WELDING,8
CNA,100LW,CERT NUR ASST LAB,1.3
CNA,100W,CERT NUR ASST TRNG,3.7
DA,120LW,CLINICAL DA II LAB,4
DA,121W,CLINICAL PRACTICE,2
DA,123LW,DENT RADIOLOGY LAB,2
DA,123W,DENTAL RADIOLOGY,2
DA,125LW,DENT MATLS II LAB,2
DA,125W,DENTAL MATERIALS II,2
DH,101,DENTAL ANATOMY I,2
DH,120,PERIODONTICS I,3
DH,121,DH SEMINAR I,2
DH,122,ORAL HIST & EMBRY,3
DH,123,DENTAL RADIOGRAPHY,2
DH,123L,DENT RAD LAB,1
DH,124A,PHARM FOR DH A,1
DH,125,CLINICAL DH I,4
DH,222W,CASE STUDY DOC II,1.5
DH,225,CLINICAL DH IV,6
DH,227W,COMMUNITY DENT II,1
DH,228,DH SEMINAR III,1
DH,229,SEMINAR PRAC EXAM,2
DMS,101W,INTRO TO SONOGRAPHY,2
DMS,103,INTR ABD SONOGRAPHY,3
DMS,104,INTRO OB/GYN SONOG,2
DMS,106W,ULTRASOUND SCANNING,4
DMS,217,CLINICAL ED III,5
HSC,105,MEDICAL TERMINOLOGY,2
HSC,140,BAS MEDICL EMERGENCS,2
HSC,205W,LEG ASP HLTH CAR SYS,2
HSC,210,MED OFFICE PHARM,1
LW,206A,OCCUPATION WELLNESS,1
LW,220W,LIFELONG WELLNESS,1
LW,221W,FITNESS & WELLNESS,2
LW,222,SCI NUTRITION EXER,3
LWA,101,FITNESS FOR LIFE,1
LWA,106,ATHLET CONDITIONING,1
LWA,122,FENCING I,1
LWA,138,PICKLEBALL,1
LWA,151,KICK BOXING,1
LWA,152,ASHTANGA YOGA,1
LWA,153,DANCE AEROBICS,1
LWA,156W,STABILITY BALL TRNG,1
LWA,159,FITNESS WALKING,1
LWA,161,SUSPENSION TRAINING,1
LWA,206C,OCCUPATION WELLNE,0.5
LWA,280,SELF-DEFENSE/FITNES,2
LWT,175,AV FRST AID/EMG CAR,3
LWT,210,NUTRI:SCI OPT LIVNG,3
LWT,213W,VIT MIN AND HEALTH,3
LWT,247,PLNT BSD FOOD PREP,2
LWT,248,COACHING PL BSD LFSTYL,3
PHB,101,PHLEB TECH CLINICAL,1.5
PHM,285,PHARM FOR HLTH CARE,3
PTA,102,CLN NEUROANATOMY,2
PTA,123LW,PATHOPHYS II LAB,0.5
PTA,125,APPLIED CLIN ANAT II,1
PTA,125LW,APP CLIN ANA II LAB,1
PTA,216W,INTRO EVID BASE PRAC,1
PTA,224W,CLINICAL ED III,9
PTA,225,MANUAL THERAPY,1
RAD,103,INTRO TO RAD SCI,2
RAD,110,PRIN RADIOGRPH EXPS,1
RAD,110L,PRIN RADIOGRAPH LAB,1.5
RAD,122,DIGITAL IMAGING,1
RAD,150,RAD PROCEDURES 2,1
RAD,150L,RAD LAB 2,1.5
RAD,205W,PHARM IN IMAGING,1
RAD,215,RAD PROCEDURES 3,1
RAD,215L,RAD LAB 3,1.5
RAD,220,CLINICAL ED 3,10
RAD,225W,CLINICAL SEMINAR 3,2
RAD,258W,RAD CAPSTONE,2
RT,100,BAS SCI RESP CARE,2
RT,132,ADULT VENTY CARE,3
RT,135,DIAG & SPEC PROCED,4
RT,146,CLINICAL ED II,6
RT,149,CLIN ED 2 SEMINAR,1
RT,211,ADV CARDIOPUL PHYS,3
RT,234,SEMINAR II,1
RT,240,ADV RESP CARE PHARM,3
RT,244,OPT ROT/SPEC PROJ,1
RT,246,COMP CLINICAL ED,8
SPT,110,FUND STERILE PROC,4
SPT,112,STERILE PROC EXTERN,13
ST,250,CLINICAL EXTERNSHIP,12
AST,111,INTRO ASTRONOMY,3
AST,111L,ASTRONOMICAL INVEST,1
BIO,101W,INTRO ANAT & PHYSIO,4
BIO,111W,PRINCIPLS OF BIOLOGY,4
BIO,140W,ESSEN ANAT & PHYS,5
BIO,152W,HUMAN A & P I,4
BIO,153W,HUMAN A & P II,4
BIO,171,INTRO CELL BIO,4
BIO,199,BIOLOGY GENES BEHAV,4
BIO,199H,HNRS BIO GENES BEHA,4
BIO,230W,PHYS ANTHROPOLOGY,4
BIO,241,PHYSIOLOGY,4
BIO,280,PATHOPHYSIOLOGY,4
CHM,100W,WORLD OF CHEMISTRY,4
CHM,106W,TECHNICAL CHEMISTRY,5
CHM,210,ORGANIC CHEM I,4
CHM,220,ORGANIC CHEM II,4
GLG,102,VOLCANO/EARTHQUAKE,1
GLG,111,PHYSICAL GEOLOGY,4
MTH,095,QuantLiteracy,3
MTH,103,APPLIED GEOM & TRIG,4
MTH,115W,MATH FOR ELEM TCH I,3
MTH,117,MATH ALLIED HEALTH,2
MTH,117A,MATH HEALTH EXTEND,2
MTH,118AW,MATH EXPLORE EXTEND,4
MTH,118W,MATH EXPLOR,4
MTH,119AW,INT ALG EXTEND HRS,4
MTH,119W,INTERMED ALGEBRA,4
MTH,120,FINITE MATHEMATICS,3
MTH,121,PLANE TRIGONOMETRY,4
MTH,122AW,COLL ALG EXTEND,4
MTH,122W,COLLEGE ALGEBRA,4
MTH,151,PRE-CALCULUS,5
MTH,160,CALC SOC & MGR SCI,4
MTH,161,ANAL GEOM & CALC I,4
MTH,162,ANL GEOM & CALC II,4
MTH,208AW,ELEM STAT EXTEND,3
MTH,208W,ELEM STATISTICS,3
MTH,209AW,STAT EXTEND,4
MTH,209HW,STATISTICS HONORS,4
MTH,209W,STATISTICS,4
MTH,225,INTRO DATA SCIENCE,3
MTH,261,ANL GEOM & CALC III,4
MTH,264,DIFFERNTL EQUATIONS,3
PHY,101,APPLIED PHYSICS,4
PHY,111,GENERAL PHYSICS I,4
PHY,112,GENERAL PHYSICS II,4
PHY,211,PHYSICS I,5
PHY,212,PHYSICS II,5
PSC,101,INTRO EARTH SCIENCE,4
WET,112,WASTEWATER TREATMNT,3
ABS,101W,COLLEGE SUCCESS,2
ABS,200W,CAREER DECISION MKG,1
CD,109W,INTRO ED PARAPRO,2
CD,112W,LEARNING CTR ACTIV,3
CD,113W,GUIDANCE STRATEGIES,4
CD,116W,DIVERSITY CHILD ED,3
CD,117W,STUDENT TEACHING,6
CD,210W,CHILD CARE PROG MGT,3
CJ,101,POLICE RECRUIT TRNG,6
CJ,110W,INTRO CRIM JUSTICE,3
CJ,112W,POLICE OPERATIONS,3
CJ,130W,INTRO TO CORRECTIONS,3
CJ,132W,CLNT REL IN CORR,3
CJ,135W,COR INST & FACILITY,3
CJ,182W,INTRO TO SECURITY,3
CJ,210W,CRIMINAL INVESTIGAT,3
CJ,233W,CRIMINOLOGY,3
CJ,250,JUVENILE JUSTICE,3
CJ,270W,EVIDENC/CRIMINAL PR,3
CJ,271W,CRIMINAL LAW,3
COM,108W,INTRO TO COMM,3
COM,112W,PUBLIC SPEAKING,3
COM,114W,INTERPRSNL COMMUNCTN,3
COM,214W,SMALL GROUP COMMUN,3
COM,215W,INTRO TO THEATRE,3
COM,222,INTRO TO ACTING,3
COM,224W,NONVERBAL COMMUNCATN,3
COM,245W,INTERCULT COMM,3
COM,246W,SOCIAL MEDIA AND COM,3
CSI,110W,INTRO TO CYBERCRIME,3
CSI,120W,DIGITAL FORENSICS I,3
CSI,220W,DIGITAL FORENSICS II,3
ECN,221W,PRIN OF MACROECON,4
ECN,222W,PRIN OF MICROECON,4
ED,200AW,EXPL TEACH (ELEM),3
ED,200BW,EXPL TEACH (SECON),3
EDU,388W,EXPLOR DIVERSITY,3
GEO,111W,PHYSICAL GEOGRAPHY,4
GEO,113W,WORLD CULTURE GEOGR,4
HIS,111W,SURVY EARLY WEST CIV,3
HIS,112W,SURVEY LATR WEST CIV,3
HIS,221W,EARLY AMERICN HISTRY,3
HIS,222W,RECNT AMERICN HISTRY,3
HIS,225W,WOMEN AND GEND US,3
HIS,237W,HISTORY OF MICH/PRO,3
POL,103W,AMERICAN POLITICS,3
POL,105HW,HNRS AM POL W/PROJ,4
POL,105W,AMER POL W/PROJ,4
POL,212W,STATE & LOCAL GOVT,3
POL,221W,COMPARATIVE GOVRNM,3
POL,225W,WORLD POLITICS,3
POL,228W,CIVIL RIGHTS/LIBRTY,3
PSY,101W,PSYCHOLOGY ADJUSTMT,3
PSY,211W,INTRO PSYCHOLOGY,4
PSY,223W,CHILD PSYCHOLOGY,3
PSY,225W,ADOLESCENT PSYCH,3
PSY,227W,LIFESPAN DEVELOPMENT,3
PSY,231W,THEORIES OF PERSON,3
PSY,235W,ADULT DEVELOPMENT,3
PSY,241W,ABNORMAL PSYCHOLOGY,3
PSY,251W,SOCIAL PSYCHOLOGY,3
SOC,211W,PRINCPL OF SOCIOLOGY,3
SOC,212W,SOCIAL PROBLEMS,3
SOC,215W,RACE ETHNIC INEQ,3
SOC,221W,SOCIOLOGY OF FAMILY,3
SOC,230W,PHYS ANTHROPOLOGY,4
SOC,231W,CULTURAL ANTHROPOLGY,3
SSI,288W,EXPLOR DIVERSITY,3
ART,113,ART ED,3
ART,152W,ART HIST & APPR II,3
ART,201,INTR GRAPHIC DESIGN,3
ART,218,PAINTING II,3
ART,231,CERAMICS I,3
ART,232,CERAMICS II,3
ART,243,WEB DESIGN,3
ART,289,ART DESGN PORTFOLIO,3
ASL,111,AM SIGN LANGUAGE I,3
ASL,112,AM SIGN LANGUAGE II,4
ASL,200W,DEAF CULTURE,3
ASL,212,AM SIGN LANGUAGE IV,4
EMB,151,MEDIA PRODUCTION I,3
EMB,255W,MEDIA PRODUCTIN III,4
EMB,281,EMB INTERNSHIP I,1
EMB,282,EMB INTERNSHIP II,2
EMB,283,EMB INTERNSHIP 3,3
JRN,245,JRN INTERNSHIP III,3
ARC,114,INTRODUCTION TO CAD,3
ARC,211,STRUCTURAL DESIGN,2
ARC,214,ARC AUTOCAD 3DBASIC,3
ASEP,170,DLR WORK EXP 3,1
AUTO,149,MLR CAPSTONE,1
AUTO,231W,ENG REPAIR ADVCD,2
AUTO,236,ELECT ETRN SYS ADV,3
AUTO,237,HEATNG AC ADVCD,2
AUTO,238W,ENG PERFMANCE ADVCD,4
CAD,114,INTRODUCTION TO CAD,3
CAD,120,INTRO TO CAM,3
CAD,226,PARAMETRIC MODELING,3
CAD,232,DESIGN ADDITIVE MFG,2
CST,171,EVENT-DRIV PROG,3
DRF,128,GEOMETRIC TOLERANCE,2
EET,235,ELECT CIRCUITS,3
ENT,230,ENT Marketing,3
ET,164,ROBOTS ELEC SERV,3
FST,102W,FIREFIGHTING TACTIC,3
FST,206,CONFINED SPACE MGMT,4
FST,240,INTRNSHP FIRE SCI,2
MIT,118,SAFETY PRAC & PROC,2
MS,120,MACHINIST HANDBOOK,3
RC,215,RC CAPSTONE,4
SKCA,120,INTRO TO CAM,3
SKDR,128,GEOMTRIC TOLERANC,2
SKET,164,ROBOTS ELEC SERV,3
SKPT,113,STATNRY BLR OP III,2
SKPT,114,STAT BOILER OP IV,3
SKTR,183,MACHINERYS HANDBOOK,3
TTI,120,ENRGY AUDIT WEATHER,3
DA,120,CLINICAL DA II,3
DH,100,DENT HYG PROF,1
DMS,212,US SEMINAR II,4
FEE,901,NURS ELSEVIER TEST FEE 1,0
FEE,906,NURS ELSEVIER TEST FEE 3,0
LW,223W,WELLNESS TECH TRADES,2
LWA,108,WEIGHT TRAINING,1
LWA,158,PILATES,1
LWA,183,INTRO AQUA FITNESS,1
LWA,205,INDOOR CYCLING,1
LWA,206B,OCCUPATION WELLNESS,0.5
LWT,165,HRTSVR FIRSTAID CPR,1
LWT,170,BLS FOR HCP,1
LWT,214,EXERCISE TECHNIQUES,2
LWT,231W,INTRO ATHLETIC TRNG,3
LWT,240,HEALTH FIT/PERS TRNR,4
LWT,251,EXERCISE PHYSIOLOGY,4
LWT,255,HEALTH FIT MGT/PROM,3
PHB,100,PHLEBOTOMY TECH,2.5
PTA,123W,PATHOPHYSIOLOGY II,2
PTA,221,CLINICAL SEMINAR III,1
RAD,120W,PRIN RAD BIO & PROT,2
ST,100,INTRO HLTH CARE SER,3
ST,251W,OPERATN ROOM SEMINAR,3
BIO,110W,ENVIRON SCIENCE,4
BIO,172W,INTRO ORG BIO-EVOL,4
BIO,203W,MICROBIOLOGY,4
CHM,101W,INTRO CHEMISTRY,5
CHM,111,GENERAL CHEM I,5
CHM,112,GENERAL CHEM II,5
CHM,210LW,ORGANIC CHEM I LAB,1
CHM,220LW,ORGANIC CHEM II LAB,1
ENV,100W,ENVIRONMENTAL/REGS,3
GLG,115,OCEANOGRAPHY,3
MTH,263,LINEAR ALGEBRA,3
CD,110W,INFANT/TODDLER DEV,4
CD,111W,INTRO CHILD DEVEL,3
CD,115W,PRESCHOOL PRACTICUM,3
CJ,220W,CRIME LAB TECHNIQUE,3
CJ,275W,PROBATION & PAROLE,3
COM,202W,ORAL COMM FOR MANGRS,3
ED,201W,EDUC EXCEPTNL CHILD,3
HIS,240W,RENAIS EARLY EUROPE,3
PSY,300W,INTERVIEW & COUNSEL,3
SOC,115W,RACE: SOC CONSTRUCT,2
SOC,250W,INTRO SOCIAL WORK,3
SOC,289W,CHEMICAL DEPENDENCY,3
SOC,300W,INTERVIEW & COUNSEL,3
LWA,113,TAE KWON DO I,1
LWA,114,TAE KWON DO II,1
LWA,210,TAE KWON DO III,1
ENG,096,RDG WRTG STRAT,3
EM,280,DIGIT FILM CAPSTONE,3
HIS,240HW,HONORS RENAIS EARLY,3
SPA,212,SPANISH FOUR,4
ASEP,100,AUTO LAB SAFETY,1
ASEP,101,ASEP ENG REPAIR I,3
ASEP,103,DRIVETRN AXL LVL I,2
ASEP,104,SUSP STRNG LEVEL I,3
ASEP,105,BRAKES LEVEL I,2
ASEP,106,ELEC ELTRONIC SYS I,4
ASEP,107,HEAT AIR LEVEL I,2
ASEP,108,ENG PRFMANCE LVL I,3
ASEP,110,MLR INTRN ASEP,1
SFA,278,CLINICAL PRAC I,3
CST,270,SPEC TOPIC NET ADMIN,3
CST,274,NETWORK + CERT PREP,2
ARC,206,ARCH DRAFTING IV,3
IHU,268,INTL STUDIES HUM,2
SSI,268W,SS INTERNAT STUDIES,1
ENG,107W,ELEM OF GRAMMAR,2
COM,114HW,HNRS INTRPRSNL COMM,3
PSY,230W,PSYCH OF SUB ABUSE,3
SKPT,106,PIPEFITTERS HNDBK,3
LWT,211W,SPORTS NUTRITION,3
EDU,390AW,Best Practices I,2
CEP,101,CIVIC ENGAGEMENT,1
MUS,113,BLUES HISTORY,3
WET,230,WET UTILITY MGT,3
SSI,229W,MINORITIES & MEDIA,3
EMB,229W,MINORITIES & MEDIA,3
ENT,110,MINDSET FOR SUCCESS,3
ENG,105W,ENG AS SEC LANG,5
LWT,212,INTRO TO MEDITATION,1
RAD,180L,RAD PROCEDURES 2&3 LAB,3
RAD,180,RAD PROCEDURES 2&3,2
FST,219,FIRE HYDRAULICS,3
NUR,000,CLINICAL ENTRY,0
NT,000,CLINICAL ENTRY,0
LSP,220,ENVIRONMENTAL LAW,2
WET,212,ADV WATER TREATMENT,3
MIT,240,MANU INDUST CAPSTONE,3
NUR,101AW,NSG FUNDAMENTALS,3.5
NUR,101ALW,NSG FUNDAMENTAL L,1.5
NUR,101BW,CARE AGING ADULT,2
NUR,101BLW,CARE AGING ADULT L,2
NUR,115W,MATERNITY NURSING,2
NUR,115LW,MATERNITY NSG LAB,1
CJ,211W,PRIVATE SECURITY,3
ASL,115,FINGERSPELLING,2
CJ,238W,LEGAL ISSUES IN CORR,3
ASEP,203,MAN DRVE TRNS LVLIII,1
NUR,116W,PEDIATRIC NURSING,2
NUR,116LW,PEDIATRIC NSG LAB,1
NUR,119W,MENTAL HEALTH NSG,2
NUR,119LW,MENTAL HEALTH NSG L,1
NUR,240W,NSG CARE ADULT,4.7
NUR,240LW,NSG CARE ADULT L,4.3
NUR,250W,NSG CARE/MGMT,4
NUR,250LW,NSG CARE/MGMT LAB,5
NPT,103W,AGING ADULT,1.7
NPT,103LW,AGING ADULT LAB NPT,1.3
NPT,119W,MENTAL HEALTH NSG,2
NPT,119LW,MENTAL HEALTH LAB,1
AUTO,110,MLR INTERNSHIP,1
SSI,268W,SS INTERNAT STUDIES,3
IHU,268,INTL STUDIES HUM,3
NPT,260BW,CARE ADULT B - NPT,4
NPT,260BLW,CARE ADULT L B - NPT,2
NT,164W,ROLE TRAN ASSESS,2
NT,164LW,ROLE TRAN ASSESS,1
NT,219W,TRANS-MENTAL HEALTH,2
NT,219LW,TRAN-MENTAL HEALTH L,1
PNE,122W,CARE OF ADULT I,6
PNE,122LW,CARE OF ADULT I L,3
EDU,392W,INTERNET TEACH TECH,3
ART,220,MURAL PAINTING,3
SKET,217,CALBRTN DATA INTGTY,4
ART,COOR,Coor Art Gallery,0
EMB,COOR,Program Coor Emb,0
ENG,COOR,Discipline Coor Eng,0
ENG,COOR,Program Coor Jrn,0
ASL,COOR,Discipline Coor Asl,0
PHL,COOR,Discipline Coor Phl,0
ENG,COOR,Discipline Coor Ed,0
ACC,COOR,Program Coor Acc,0
ACC,COOR,Program Scheduler Acc,0
MIT,COOR,Program Coor Cnc/Ms,0
CAD,COOR,Program Coor Cad,0
OAT,240,CREATE MNG VIRT OFF,3
LSP,290,LSP SPECIAL PROJECT,1
CST,286,GAME DEV II,3
CPI,COOR,Program Coord Cpi,0
CST,COOR,Program Scheduler Cst,0
ET,COOR,Program Coor Et,0
MT,COOR,Program Coor Mt,0
HVAC,COOR,Program Coor Hvac,0
RC,COOR,Program Coor Rc,0
WELD,COOR,Program Coor Weld,0
DA,COOR,Program Coor Da,0
DH,COOR,Program Coor Dh,0
DMS,COOR,Program Coor Dms,0
PTA,COOR,Program Coor Pta,0
NUR,COOR,Program Coor Nur,0
NUR,COOR,Program Coor Clinicals Nur,0
NUR,COOR,Program Coor Cna,0
ST,COOR,Program Coor St,0
ST,COOR,Program Coor Sfa Spt,0
RT,COOR,Program Coor Rt,0
LW,COOR,Discipline Coor Lw,0
RAD,COOR,Program Coor Rad,0
BIO,COOR,Discipline Coor Bi,0
MTH,COOR,Discilpine Coor Mth,0
PSC,COOR,Discipline Coor Psc,0
WET,COOR,Program Coor Wet,0
CHM,COOR,Program Coor Ct,0
CD,COOR,Program Coor Cd,0
CJ,COOR,Program Coor Csi,0
CJ,COOR,Discipline Coor Cj,0
CJ,COOR,Program Coor Cj Corrections,0
COM,COOR,Discipline Coor Com,0
CNC,291,Cad Cam Cnc MacH Specialties,3
LSP,262,LEGL INTERN III,3
HIS,COOR,Discipline Coor His,0
POL,COOR,Discipline Coor Pol,0
PSY,COOR,Discipline Coor Psy,0
SOC,COOR,Program Coor Youth Services,0
ACC,RELE,Dcfa President,0
HIS,RELE,Negotiating Team Chair,0
ACC,RELE,Prison Pell Aca Coor,0
CHM,RELE,Elearning Coor,0
PHY,RELE,Sustainability Co-Coor,0
ENG,RELE,Honors Director Ptk Coor,0
ENG,RELE,Fcte Co-Coordinator,0
ENG,RELE,Fcte Co-Coor,0
CAD,RELE,S T E M Explorer,0
MTH,RELE,Gecac Chair,0
OAT,RELE,Slac Chair,0
HIS,RELE,Hlc Coor,0
COM,RELE,Theater Direction,0
POL,RELE,Democracry Commitment,0
ENG,RELE,Democracy Commitment,0
PHY,RELE,Mou Faculty Analyst,0
ACC,RELE,Mou Ir Assessment Work,0
PTA,RELE,Mou Shared Governance,0
SOC,RELE,Mou Bedi Education,0
ENG,RELE,Mou Bedi Education,0
SOC,RELE,Mou Co-Coor Food Pantry,0
LW,RELE,Mou Co-Coor Food Pantry,0
MTH,RELE,Mou Lecturers As Needed,0
EMB,291,Special Projects Em,3
ART,291,Ceramics III,3
ART,291,Painting III,3
ART,292,Ceramics III,3
ORI,001,ORIENTATION,0
LSP,290,LSP SPECIAL PROJECT,3
CJ,102,JAIL OFFICER ACAD,4
LWA,279,DEFENSIV TACTIC COR,1
SOC,288W,CHILD ABUSE/NEGLECT,3
CNC,285W,CNC CAPSTONE,4
ENG,256,CREATIVE NON-FICT,3
BIO,RELE,Mou Lab Coordinator,0
ART,291,Advanced Ceramics,1